stage,feature,importance
Stage 1,Nationality_Bangladeshi,0.16096869
Stage 1,Nationality_Indian,0.08658735
Stage 1,Nationality_Pakistani,0.044551004
Stage 1,CentreName_UK_LON_01,0.030506585
Stage 1,CentreName_UK_NE_04,0.02258336
Stage 1,Nationality_Chinese,0.020331347
Stage 1,ProgressionUniversity_UK_NE_05,0.02004168
Stage 1,delivery_variant_standard,0.01911169
Stage 1,Nationality_Hong Kong Chinese,0.015858121
Stage 1,academic_stage_Pre Masters,0.01549578
Stage 1,LeadSource_Standard Agent Booking,0.013862089
Stage 1,subject_cluster_Business_Law_Combined,0.0133858
Stage 1,progression_degree_level_UNKNOWN,0.012948874
Stage 1,CentreName_UK_SE_02,0.011342874
Stage 1,ProgressionUniversity_UK_LON_01,0.009853271
Stage 1,ProgressionUniversity_UK_NE_06,0.009604024
Stage 1,ProgressionUniversity_IE_01,0.00957118
Stage 1,progression_degree_level_MSc,0.00937662
Stage 1,progression_degree_level_Other,0.008892579
Stage 1,ProgressionUniversity_UK_NE_02,0.008653199
Stage 1,BookingType_Agent,0.0077384003
Stage 1,Nationality_Sri Lankan,0.0074313264
Stage 1,CentreName_IE_01,0.007414017
Stage 1,subject_cluster_Economics,0.007185481
Stage 1,CentreName_UK_SE_01,0.006616701
Stage 1,Nationality_Egyptian,0.0066039334
Stage 1,delivery_variant_accountancy_chartered,0.0064213406
Stage 1,progression_degree_level_BA,0.0062505584
Stage 1,LeadSource_Sponsor,0.006102098
Stage 1,CentreName_UK_NW_01,0.00610132
Stage 1,ProgressionUniversity_UK_SE_03,0.005848748
Stage 1,ProgressionUniversity_UK_NW_01,0.00581951
Stage 1,CentreName_UK_NE_03,0.0053155366
Stage 1,CentreName_UK_LON_02,0.0052235755
Stage 1,Nationality_Omani,0.0051965863
Stage 1,academic_stage_International Foundation Year,0.0048237285
Stage 1,Nationality_Nepalese,0.004772208
Stage 1,subject_cluster_Other,0.0047080657
Stage 1,ProgressionUniversity_UK_SE_01,0.0046369894
Stage 1,subject_cluster_Engineering,0.004526435
Stage 1,Gender_Male,0.004312365
Stage 1,Nationality_Taiwanese,0.00422144
Stage 1,progression_degree_level_other_bachelors,0.0041910415
Stage 1,Nationality_Algerian,0.004112724
Stage 1,Gender_Female,0.0040846537
Stage 1,Nationality_Korean,0.0040547512
Stage 1,BookingType_Direct,0.0040171295
Stage 1,Nationality_Malaysian,0.0039901175
Stage 1,CentreName_UK_SE_03,0.003981884
Stage 1,subject_cluster_Science_Health,0.0039703026
Stage 1,Nationality_Vietnamese,0.0039685783
Stage 1,ProgressionUniversity_UK_WAL_01,0.0039543454
Stage 1,subject_cluster_Finance_Accounting,0.0039476426
Stage 1,Nationality_Emirati,0.003908262
Stage 1,Nationality_Africa_Other,0.00386535
Stage 1,ProgressionUniversity_UK_NE_04,0.0038221795
Stage 1,ProgressionUniversity_UK_LON_03,0.003791793
Stage 1,CentreName_UK_NE_05,0.0037845296
Stage 1,academic_stage_International Year One,0.0037399256
Stage 1,progression_degree_level_BEng,0.003708967
Stage 1,progression_degree_level_MPHARM,0.0036714117
Stage 1,Nationality_Jordanian,0.0036538767
Stage 1,Nationality_Bahraini,0.0036528572
Stage 1,Nationality_Singaporean,0.003635282
Stage 1,LeadSource_APD,0.003550786
Stage 1,Nationality_Saudi,0.0035306602
Stage 1,Nationality_British,0.0035188727
Stage 1,subject_cluster_Law,0.0034671535
Stage 1,Nationality_Japanese,0.0034104441
Stage 1,ProgressionUniversity_UK_SCOT_02,0.003407712
Stage 1,ProgressionUniversity_EU_NL_05,0.003395607
Stage 1,academic_stage_UG Foundation Programme,0.003369775
Stage 1,Nationality_Myanmarian,0.0033611548
Stage 1,ProgressionUniversity_UK_NE_01,0.0033297243
Stage 1,Age,0.003325773
Stage 1,CentreName_UK_NE_01,0.0033036082
Stage 1,Nationality_Thai,0.0032950465
Stage 1,CentreName_EU_NL_01,0.0032881477
Stage 1,subject_cluster_Engineering_Combined,0.0032520776
Stage 1,Nationality_Moroccan,0.003187186
Stage 1,ProgressionUniversity_UK_SCOT_01,0.003176277
Stage 1,progression_degree_level_LLB,0.0031497132
Stage 1,ProgressionUniversity_UK_NE_07,0.003108991
Stage 1,subject_cluster_Business_Media_Combined,0.0030761235
Stage 1,subject_cluster_Computing,0.003050739
Stage 1,Nationality_Nigerian,0.0030467024
Stage 1,progression_degree_level_other_masters,0.0030123577
Stage 1,Nationality_Kuwaiti,0.0029951076
Stage 1,Nationality_Iraqi,0.0029846241
Stage 1,academic_stage_Foundation Year,0.0029403488
Stage 1,DiscountType___MISSING__,0.0029217459
Stage 1,Nationality_Ukrainian,0.0029210837
Stage 1,CentreName_OTHER_01,0.0029081309
Stage 1,Nationality_infrequent_sklearn,0.0028899335
Stage 1,subject_cluster_Business_Management_Combined,0.0028413064
Stage 1,subject_cluster_Business_Economics_Finance,0.0028346346
Stage 1,subject_cluster_Business,0.002830689
Stage 1,ProgressionUniversity_EU_NL_06,0.0028219048
Stage 1,progression_degree_level_MA,0.0027998548
Stage 1,IsFirstIntake_True,0.002790163
Stage 1,subject_cluster_Media,0.0027887789
Stage 1,ProgressionUniversity_UK_SE_02,0.002779743
Stage 1,ProgressionUniversity_infrequent_sklearn,0.002778371
Stage 1,progression_degree_level_MEng,0.0027562778
Stage 1,Nationality_Indonesian,0.002745117
Stage 1,IsFirstIntake_False,0.0027392004
Stage 1,CentreName_UK_WAL_01,0.0027351156
Stage 1,Nationality_Qatari,0.0027128144
Stage 1,CentreName_ONLINE_01,0.0026726786
Stage 1,LeadSource_Referrals,0.0026665912
Stage 1,Nationality_Europe_Other,0.0026604577
Stage 1,DiscountType_Scholarships Discount,0.0026585925
Stage 1,Nationality_Americas_Other,0.0026563935
Stage 1,subject_cluster_Business_Humanities_Combined,0.0026000089
Stage 1,Nationality_American,0.0025476334
Stage 1,subject_cluster_Humanities,0.0025264136
Stage 1,progression_degree_level_BSc,0.0025105835
Stage 1,progression_degree_level_BBA,0.0025011648
Stage 1,subject_cluster_Engineering_Computer_Combined,0.0024560473
Stage 1,LeadSource_Digital (Web),0.0024305342
Stage 1,ProgressionUniversity_UK_NW_02,0.0024034886
Stage 1,Nationality_Sudanese,0.002385582
Stage 1,CentreName_UK_SCOT_01,0.0023851928
Stage 1,Nationality_Middle_East_Other,0.002352368
Stage 1,Nationality_Turkish,0.0023241756
Stage 1,Nationality_East_Asia_Other,0.0023123864
Stage 1,DiscountType_Bursary,0.0023049216
Stage 1,DiscountType_Discount - Promotional Offer,0.002270315
Stage 1,Nationality_Italian,0.002197911
Stage 1,delivery_variant_sponsored,0.00219477
Stage 1,Nationality_Lebanese,0.0021811067
Stage 1,academic_stage_Foundation Other,0.0021757402
Stage 1,progression_degree_level_MBA,0.0021241268
Stage 1,CentreName_UK_NE_06,0.0021082202
Stage 1,subject_cluster_Management,0.0021023625
Stage 1,Nationality_Russian,0.002056838
Stage 1,CentreName_UK_SCOT_02,0.0020414614
Stage 1,DiscountType_Other Scholarships / Bursaries,0.0019450962
Stage 1,delivery_variant_late_starter_intake,0.0019440282
Stage 1,ProgressionUniversity_EU_NL_02,0.0019269969
Stage 1,Nationality_Ugandan,0.0018790625
Stage 1,Nationality_South African,0.0017922507
Stage 1,ProgressionUniversity_EU_NL_04,0.001768896
Stage 1,DiscountType_infrequent_sklearn,0.0017236995
Stage 1,Nationality_Kazakhstani,0.0017187769
Stage 1,ProgressionUniversity_University_Other,0.0016997246
Stage 1,Nationality_Irish,0.0016995269
Stage 1,Nationality_Kenyan,0.0016720433
Stage 1,CentreName_UK_NE_02,0.0016616473
Stage 1,progression_degree_level_LLM,0.0016588176
Stage 1,Nationality_Peruvian,0.001625376
Stage 1,Nationality_Canadian,0.0015938987
Stage 1,Nationality_Libyan,0.0015672062
Stage 1,Nationality_Brazilian,0.0015414424
Stage 1,delivery_variant_accelerated,0.0015345179
Stage 1,Nationality_Iranian,0.0015090567
Stage 1,Nationality_Syrian,0.0014582906
Stage 1,DiscountType_Special Arrangements,0.001414299
Stage 1,ProgressionUniversity_EU_NL_01,0.0012369709
Stage 1,Nationality_Zimbabwean,0.0012267473
Stage 1,Nationality_Portuguese,0.0012166691
Stage 1,ProgressionUniversity_UK_NE_03,0.000743186
Stage 1,LeadSource_infrequent_sklearn,0.0
Stage 1,academic_stage_International Year Two,0.0
Stage 1,subject_cluster_infrequent_sklearn,0.0
Stage 1,delivery_variant_infrequent_sklearn,0.0
Stage 1,progression_degree_level_infrequent_sklearn,0.0
Stage 2,Nationality_Bangladeshi,0.11332917
Stage 2,Nationality_Indian,0.07614573
Stage 2,Nationality_Pakistani,0.05318292
Stage 2,ProgressionUniversity_UK_LON_01,0.03730654
Stage 2,ProgressionUniversity_UK_NE_05,0.03465797
Stage 2,CentreName_UK_NE_04,0.02532102
Stage 2,progression_degree_level_UNKNOWN,0.022992821
Stage 2,CentreName_UK_LON_01,0.020287188
Stage 2,missingindicator_UnauthorisedAbsenceCount,0.013699159
Stage 2,UnauthorisedAbsenceCount,0.012475435
Stage 2,CentreName_UK_SE_02,0.0108908005
Stage 2,progression_degree_level_MSc,0.010816908
Stage 2,ProgressionUniversity_UK_SE_02,0.01015813
Stage 2,CentreName_UK_SE_01,0.010106457
Stage 2,academic_stage_Pre Masters,0.010021897
Stage 2,missingindicator_AuthorisedAbsenceCount,0.009706623
Stage 2,LeadSource_Standard Agent Booking,0.009460483
Stage 2,Nationality_Egyptian,0.009214058
Stage 2,subject_cluster_Business_Law_Combined,0.008448732
Stage 2,progression_degree_level_BA,0.008336149
Stage 2,ProgressionUniversity_UK_NE_06,0.008259835
Stage 2,ProgressionUniversity_UK_SE_03,0.008089457
Stage 2,AuthorisedAbsenceCount,0.0074644038
Stage 2,ProgressionUniversity_IE_01,0.0073592607
Stage 2,ProgressionUniversity_UK_NE_07,0.0069837025
Stage 2,BookingType_Agent,0.0068200147
Stage 2,subject_cluster_Business_Humanities_Combined,0.0066482592
Stage 2,Nationality_Hong Kong Chinese,0.0065459027
Stage 2,ProgressionUniversity_UK_NW_01,0.00627391
Stage 2,progression_degree_level_Other,0.0061952774
Stage 2,Nationality_Omani,0.005838031
Stage 2,ProgressionUniversity_UK_SE_01,0.005654695
Stage 2,ProgressionUniversity_UK_LON_03,0.0055700224
Stage 2,delivery_variant_standard,0.0055670007
Stage 2,CentreName_IE_01,0.0055413083
Stage 2,IsFirstIntake_True,0.005526748
Stage 2,Nationality_Nepalese,0.0054628183
Stage 2,CentreName_UK_NE_03,0.0054260157
Stage 2,LeadSource_Sponsor,0.005353418
Stage 2,CentreName_UK_LON_02,0.0053311316
Stage 2,subject_cluster_Other,0.00528598
Stage 2,CentreName_EU_NL_01,0.0052334447
Stage 2,Nationality_Chinese,0.005119873
Stage 2,ProgressionUniversity_UK_NE_04,0.0051185247
Stage 2,subject_cluster_Management,0.0050059767
Stage 2,delivery_variant_accountancy_chartered,0.0049567455
Stage 2,academic_stage_International Foundation Year,0.0048788935
Stage 2,progression_degree_level_other_bachelors,0.004862649
Stage 2,academic_stage_International Year One,0.004849372
Stage 2,ProgressionUniversity_UK_NE_02,0.004830566
Stage 2,academic_stage_Foundation Year,0.004829344
Stage 2,delivery_variant_accelerated,0.004789918
Stage 2,CentreName_UK_SCOT_02,0.004709771
Stage 2,Nationality_Saudi,0.0046332525
Stage 2,DiscountType___MISSING__,0.0046009826
Stage 2,Age,0.0045503285
Stage 2,ProgressionUniversity_UK_SCOT_01,0.004509727
Stage 2,CentreName_ONLINE_01,0.0043795775
Stage 2,ProgressionUniversity_UK_NE_01,0.004304202
Stage 2,CentreName_UK_NE_01,0.0043029003
Stage 2,academic_stage_UG Foundation Programme,0.004284554
Stage 2,CentreName_UK_NE_05,0.0042429944
Stage 2,progression_degree_level_BEng,0.0042279135
Stage 2,progression_degree_level_MPHARM,0.0041500884
Stage 2,Nationality_infrequent_sklearn,0.0041352417
Stage 2,subject_cluster_Science_Health,0.004125628
Stage 2,subject_cluster_Engineering,0.0040844376
Stage 2,subject_cluster_Economics,0.0040681954
Stage 2,CentreName_UK_NE_02,0.004052785
Stage 2,subject_cluster_Engineering_Combined,0.0040418636
Stage 2,Nationality_Algerian,0.0040196055
Stage 2,subject_cluster_Law,0.003931447
Stage 2,CentreName_UK_SE_03,0.003927902
Stage 2,LeadSource_APD,0.00391713
Stage 2,progression_degree_level_LLB,0.0038234154
Stage 2,IsFirstIntake_False,0.0038098271
Stage 2,Nationality_Nigerian,0.0038012706
Stage 2,BookingType_Direct,0.0037919264
Stage 2,Nationality_Jordanian,0.0037876882
Stage 2,subject_cluster_Business_Economics_Finance,0.003758928
Stage 2,Nationality_Vietnamese,0.0037555813
Stage 2,Nationality_Emirati,0.0037333656
Stage 2,ProgressionUniversity_UK_WAL_01,0.003718972
Stage 2,CentreName_UK_NW_01,0.003606734
Stage 2,subject_cluster_Finance_Accounting,0.0035958053
Stage 2,Gender_Male,0.0035845272
Stage 2,progression_degree_level_BSc,0.00353452
Stage 2,academic_stage_Foundation Other,0.0034902564
Stage 2,subject_cluster_Business_Media_Combined,0.0034625542
Stage 2,subject_cluster_Business_Management_Combined,0.003452182
Stage 2,Nationality_British,0.0034222244
Stage 2,ProgressionUniversity_UK_SCOT_02,0.003379263
Stage 2,Nationality_Sri Lankan,0.0033431002
Stage 2,CentreName_UK_SCOT_01,0.0033010133
Stage 2,progression_degree_level_MA,0.0032540162
Stage 2,Nationality_Korean,0.0032388312
Stage 2,Nationality_Qatari,0.0031968527
Stage 2,subject_cluster_Humanities,0.0031946276
Stage 2,LeadSource_Digital (Web),0.003174231
Stage 2,Nationality_Taiwanese,0.0031697555
Stage 2,DiscountType_Bursary,0.003135087
Stage 2,CentreName_OTHER_01,0.0031288576
Stage 2,Nationality_Africa_Other,0.0031243663
Stage 2,ProgressionUniversity_infrequent_sklearn,0.0031194643
Stage 2,Nationality_Singaporean,0.003119197
Stage 2,Gender_Female,0.0031131413
Stage 2,CentreName_UK_WAL_01,0.0031062725
Stage 2,subject_cluster_Computing,0.0030146705
Stage 2,progression_degree_level_MEng,0.0029460564
Stage 2,subject_cluster_Business,0.002908976
Stage 2,subject_cluster_Engineering_Computer_Combined,0.0029066526
Stage 2,CentreName_UK_NE_06,0.0028787823
Stage 2,Nationality_Myanmarian,0.0028382607
Stage 2,Nationality_Kuwaiti,0.0028159327
Stage 2,Nationality_Turkish,0.002767418
Stage 2,Nationality_Iraqi,0.002665513
Stage 2,Nationality_Thai,0.0026414115
Stage 2,LeadSource_Referrals,0.002579526
Stage 2,Nationality_Bahraini,0.0025517677
Stage 2,Nationality_Malaysian,0.0025491994
Stage 2,Nationality_Europe_Other,0.002537105
Stage 2,Nationality_Americas_Other,0.0025131153
Stage 2,ProgressionUniversity_EU_NL_04,0.0025102764
Stage 2,Nationality_American,0.0024475183
Stage 2,Nationality_Moroccan,0.0024373585
Stage 2,progression_degree_level_other_masters,0.0024113592
Stage 2,progression_degree_level_BBA,0.0023999568
Stage 2,ProgressionUniversity_EU_NL_02,0.0023157464
Stage 2,Nationality_Japanese,0.0022944834
Stage 2,delivery_variant_late_starter_intake,0.002237682
Stage 2,Nationality_Sudanese,0.0022132704
Stage 2,DiscountType_Scholarships Discount,0.0021955213
Stage 2,DiscountType_Other Scholarships / Bursaries,0.0021791235
Stage 2,Nationality_Russian,0.0021265743
Stage 2,subject_cluster_Media,0.002103722
Stage 2,Nationality_South African,0.0020812901
Stage 2,Nationality_Lebanese,0.0020742132
Stage 2,DiscountType_Discount - Promotional Offer,0.0020667554
Stage 2,ProgressionUniversity_EU_NL_06,0.0020588778
Stage 2,ProgressionUniversity_EU_NL_05,0.002058635
Stage 2,Nationality_Ukrainian,0.0020501413
Stage 2,Nationality_East_Asia_Other,0.0019034295
Stage 2,Nationality_Canadian,0.0017837544
Stage 2,ProgressionUniversity_UK_NE_03,0.0017798073
Stage 2,ProgressionUniversity_EU_NL_01,0.0017062771
Stage 2,Nationality_Peruvian,0.0017056206
Stage 2,Nationality_Indonesian,0.0016375993
Stage 2,DiscountType_infrequent_sklearn,0.0016365271
Stage 2,progression_degree_level_MBA,0.0016062795
Stage 2,progression_degree_level_LLM,0.0014791412
Stage 2,ProgressionUniversity_UK_NW_02,0.0014679732
Stage 2,Nationality_Kenyan,0.0012575682
Stage 2,Nationality_Brazilian,0.0
Stage 2,LeadSource_infrequent_sklearn,0.0
Stage 2,DiscountType_Special Arrangements,0.0
Stage 2,academic_stage_International Year Two,0.0
Stage 2,Nationality_Syrian,0.0
Stage 2,Nationality_Ugandan,0.0
Stage 2,Nationality_Zimbabwean,0.0
Stage 2,Nationality_Middle_East_Other,0.0
Stage 2,Nationality_Libyan,0.0
Stage 2,Nationality_Kazakhstani,0.0
Stage 2,Nationality_Portuguese,0.0
Stage 2,Nationality_Iranian,0.0
Stage 2,Nationality_Irish,0.0
Stage 2,Nationality_Italian,0.0
Stage 2,delivery_variant_infrequent_sklearn,0.0
Stage 2,delivery_variant_sponsored,0.0
Stage 2,subject_cluster_infrequent_sklearn,0.0
Stage 2,progression_degree_level_infrequent_sklearn,0.0
Stage 2,ProgressionUniversity_University_Other,0.0
Stage 3,PassedModules,0.31774426
Stage 3,FailedModules,0.053878404
Stage 3,AssessedModules,0.028598487
Stage 3,ProgressionUniversity_UK_SE_02,0.02259588
Stage 3,CentreName_UK_SE_02,0.021283455
Stage 3,progression_degree_level_MPHARM,0.016558517
Stage 3,academic_stage_Pre Masters,0.016401228
Stage 3,CentreName_UK_SCOT_02,0.014531193
Stage 3,CentreName_UK_SE_01,0.013096231
Stage 3,CentreName_UK_NW_01,0.012768154
Stage 3,Nationality_American,0.011962968
Stage 3,ProgressionUniversity_UK_NW_02,0.011957706
Stage 3,delivery_variant_accountancy_chartered,0.011727702
Stage 3,CentreName_UK_SCOT_01,0.011391377
Stage 3,CentreName_OTHER_01,0.0099614635
Stage 3,Nationality_Kuwaiti,0.009206831
Stage 3,subject_cluster_Economics,0.0087852795
Stage 3,subject_cluster_Law,0.008726794
Stage 3,CentreName_IE_01,0.008592735
Stage 3,progression_degree_level_Other,0.008545078
Stage 3,UnauthorisedAbsenceCount,0.008183215
Stage 3,CentreName_UK_LON_02,0.007979943
Stage 3,subject_cluster_Engineering,0.007936594
Stage 3,Nationality_Africa_Other,0.0075526554
Stage 3,delivery_variant_late_starter_intake,0.0074898237
Stage 3,ProgressionUniversity_IE_01,0.0074842493
Stage 3,LeadSource_Standard Agent Booking,0.007412006
Stage 3,ProgressionUniversity_UK_NW_01,0.0073421635
Stage 3,academic_stage_International Year One,0.007106348
Stage 3,CentreName_UK_NE_04,0.007096489
Stage 3,delivery_variant_standard,0.0068285777
Stage 3,ProgressionUniversity_UK_NE_05,0.0068185865
Stage 3,Nationality_Indian,0.006696554
Stage 3,academic_stage_Foundation Year,0.0064161923
Stage 3,ProgressionUniversity_UK_SE_03,0.0063706427
Stage 3,ProgressionUniversity_UK_LON_03,0.00624227
Stage 3,CentreName_EU_NL_01,0.006230764
Stage 3,progression_degree_level_UNKNOWN,0.0062029744
Stage 3,subject_cluster_Engineering_Combined,0.006068193
Stage 3,ProgressionUniversity_UK_NE_02,0.0059696888
Stage 3,subject_cluster_Business_Management_Combined,0.0058962097
Stage 3,ProgressionUniversity_UK_LON_01,0.005831498
Stage 3,Nationality_Qatari,0.005803576
Stage 3,CentreName_UK_LON_01,0.0057909107
Stage 3,Nationality_infrequent_sklearn,0.0057577738
Stage 3,subject_cluster_Business,0.0057517774
Stage 3,subject_cluster_Business_Media_Combined,0.005747939
Stage 3,ProgressionUniversity_UK_NE_01,0.005706673
Stage 3,academic_stage_UG Foundation Programme,0.0056842603
Stage 3,subject_cluster_Business_Law_Combined,0.0055573983
Stage 3,academic_stage_International Foundation Year,0.0054023084
Stage 3,subject_cluster_Engineering_Computer_Combined,0.0053952197
Stage 3,Nationality_Saudi,0.0053308667
Stage 3,LeadSource_Sponsor,0.0052527855
Stage 3,DiscountType_Other Scholarships / Bursaries,0.005232251
Stage 3,CentreName_UK_NE_01,0.0051793056
Stage 3,Nationality_Egyptian,0.005083859
Stage 3,Nationality_Hong Kong Chinese,0.004852089
Stage 3,AuthorisedAbsenceCount,0.0048189657
Stage 3,CentreName_UK_NE_03,0.0048049144
Stage 3,ProgressionUniversity_UK_NE_06,0.0047485293
Stage 3,Nationality_Chinese,0.004671609
Stage 3,CentreName_UK_NE_05,0.004669204
Stage 3,progression_degree_level_BSc,0.0046598725
Stage 3,CentreName_UK_NE_02,0.004646445
Stage 3,progression_degree_level_MSc,0.004593863
Stage 3,BookingType_Agent,0.004589076
Stage 3,Nationality_Bangladeshi,0.004477168
Stage 3,IsFirstIntake_False,0.004458774
Stage 3,Nationality_Pakistani,0.0044477363
Stage 3,subject_cluster_Media,0.0043944796
Stage 3,ProgressionUniversity_UK_NE_07,0.004384079
Stage 3,Age,0.004346314
Stage 3,CentreName_UK_SE_03,0.004294781
Stage 3,subject_cluster_Business_Economics_Finance,0.0041308375
Stage 3,LeadSource_Digital (Web),0.003835529
Stage 3,CentreName_UK_NE_06,0.0037070548
Stage 3,progression_degree_level_LLB,0.0036338412
Stage 3,IsFirstIntake_True,0.003548578
Stage 3,progression_degree_level_BBA,0.0034536212
Stage 3,DiscountType_Bursary,0.0033362082
Stage 3,progression_degree_level_BA,0.0032417998
Stage 3,subject_cluster_Humanities,0.0031873966
Stage 3,subject_cluster_Business_Humanities_Combined,0.0030598694
Stage 3,DiscountType_Scholarships Discount,0.0029807778
Stage 3,CentreName_UK_WAL_01,0.0029200956
Stage 3,ProgressionUniversity_UK_NE_04,0.0028975755
Stage 3,ProgressionUniversity_UK_SCOT_01,0.0028843929
Stage 3,ProgressionUniversity_UK_NE_03,0.0027897821
Stage 3,BookingType_Direct,0.0027481876
Stage 3,Gender_Female,0.002569672
Stage 3,DiscountType_infrequent_sklearn,0.0024815989
Stage 3,ProgressionUniversity_UK_WAL_01,0.0024579563
Stage 3,Gender_Male,0.0023655444
Stage 3,progression_degree_level_BEng,0.002335936
Stage 3,DiscountType___MISSING__,0.0021800513
Stage 3,progression_degree_level_MA,0.0012061533
Stage 3,Nationality_Sri Lankan,0.0011986927
Stage 3,missingindicator_AuthorisedAbsenceCount,0.0005635072
Stage 3,missingindicator_UnauthorisedAbsenceCount,0.00028113308
Stage 3,LeadSource_Referrals,0.0
Stage 3,LeadSource_APD,0.0
Stage 3,CentreName_ONLINE_01,0.0
Stage 3,Nationality_Americas_Other,0.0
Stage 3,Nationality_Algerian,0.0
Stage 3,DiscountType_Discount - Promotional Offer,0.0
Stage 3,DiscountType_Special Arrangements,0.0
Stage 3,LeadSource_infrequent_sklearn,0.0
Stage 3,Nationality_British,0.0
Stage 3,Nationality_Brazilian,0.0
Stage 3,Nationality_Bahraini,0.0
Stage 3,Nationality_Turkish,0.0
Stage 3,Nationality_Sudanese,0.0
Stage 3,Nationality_Syrian,0.0
Stage 3,Nationality_Singaporean,0.0
Stage 3,Nationality_Ugandan,0.0
Stage 3,subject_cluster_Computing,0.0
Stage 3,academic_stage_International Year Two,0.0
Stage 3,Nationality_Zimbabwean,0.0
Stage 3,academic_stage_Foundation Other,0.0
Stage 3,Nationality_Vietnamese,0.0
Stage 3,Nationality_Ukrainian,0.0
Stage 3,Nationality_Europe_Other,0.0
Stage 3,Nationality_Emirati,0.0
Stage 3,Nationality_Kenyan,0.0
Stage 3,Nationality_Kazakhstani,0.0
Stage 3,Nationality_Jordanian,0.0
Stage 3,Nationality_Korean,0.0
Stage 3,Nationality_Malaysian,0.0
Stage 3,Nationality_Middle_East_Other,0.0
Stage 3,Nationality_Lebanese,0.0
Stage 3,Nationality_Libyan,0.0
Stage 3,Nationality_Myanmarian,0.0
Stage 3,Nationality_Moroccan,0.0
Stage 3,Nationality_Nigerian,0.0
Stage 3,Nationality_Nepalese,0.0
Stage 3,Nationality_Omani,0.0
Stage 3,Nationality_Peruvian,0.0
Stage 3,Nationality_Portuguese,0.0
Stage 3,Nationality_Russian,0.0
Stage 3,Nationality_East_Asia_Other,0.0
Stage 3,Nationality_Iraqi,0.0
Stage 3,Nationality_Canadian,0.0
Stage 3,Nationality_Japanese,0.0
Stage 3,Nationality_Italian,0.0
Stage 3,Nationality_Indonesian,0.0
Stage 3,Nationality_Iranian,0.0
Stage 3,Nationality_South African,0.0
Stage 3,Nationality_Thai,0.0
Stage 3,Nationality_Taiwanese,0.0
Stage 3,subject_cluster_infrequent_sklearn,0.0
Stage 3,subject_cluster_Science_Health,0.0
Stage 3,subject_cluster_Finance_Accounting,0.0
Stage 3,delivery_variant_accelerated,0.0
Stage 3,subject_cluster_Other,0.0
Stage 3,subject_cluster_Management,0.0
Stage 3,progression_degree_level_infrequent_sklearn,0.0
Stage 3,progression_degree_level_other_masters,0.0
Stage 3,progression_degree_level_other_bachelors,0.0
Stage 3,progression_degree_level_MEng,0.0
Stage 3,progression_degree_level_LLM,0.0
Stage 3,progression_degree_level_MBA,0.0
Stage 3,delivery_variant_sponsored,0.0
Stage 3,delivery_variant_infrequent_sklearn,0.0
Stage 3,ProgressionUniversity_EU_NL_06,0.0
Stage 3,ProgressionUniversity_EU_NL_05,0.0
Stage 3,ProgressionUniversity_EU_NL_04,0.0
Stage 3,ProgressionUniversity_EU_NL_02,0.0
Stage 3,ProgressionUniversity_infrequent_sklearn,0.0
Stage 3,ProgressionUniversity_University_Other,0.0
Stage 3,ProgressionUniversity_UK_SCOT_02,0.0
Stage 3,ProgressionUniversity_UK_SE_01,0.0
