units,layers,activation,optimizer,lr,dropout,l2_strength,trial_id,status,val_auc,val_precision,val_recall,val_accuracy,val_loss
48,1,relu,adam,0.001,0.2,1e-06,127,COMPLETED,0.8866950273513794,0.737089216709137,0.5233333110809326,0.9007481336593628,0.27492350339889526
144,3,tanh,adam,0.0003,0.4,0.0,185,COMPLETED,0.8865571618080139,0.7033898234367371,0.5533333420753479,0.8982543349266052,0.2738760709762573
80,1,relu,adam,0.0003,0.1,1e-06,058,COMPLETED,0.8861182928085327,0.7276785969734192,0.5433333516120911,0.9012469053268433,0.27559641003608704
112,3,relu,adam,0.0003,0.4,0.0,073,COMPLETED,0.8858816623687744,0.721030056476593,0.5600000023841858,0.901745617389679,0.27498629689216614
160,2,tanh,adam,0.0003,0.1,0.0001,018,COMPLETED,0.8858807682991028,0.7104072570800781,0.5233333110809326,0.8967580795288086,0.29793834686279297
176,4,tanh,adam,0.001,0.4,0.0,041,COMPLETED,0.8856568336486816,0.7222222089767456,0.5199999809265137,0.8982543349266052,0.27164098620414734
128,4,tanh,adam,0.0003,0.4,1e-06,179,COMPLETED,0.8855874538421631,0.6899224519729614,0.5933333039283752,0.8992518782615662,0.27799975872039795
64,2,relu,adam,0.001,0.30000000000000004,1e-06,070,COMPLETED,0.8852375745773315,0.7424242496490479,0.49000000953674316,0.8982543349266052,0.2825240194797516
96,3,tanh,adam,0.001,0.2,1e-05,104,COMPLETED,0.8852375149726868,0.7058823704719543,0.5600000023841858,0.8992518782615662,0.27483201026916504
192,3,tanh,adam,0.0003,0.4,0.0,068,COMPLETED,0.8852267861366272,0.7155172228813171,0.5533333420753479,0.9002493619918823,0.2738172709941864
96,1,relu,adam,0.001,0.30000000000000004,0.0,080,COMPLETED,0.8852052688598633,0.7320573925971985,0.5099999904632568,0.8987531065940857,0.274528831243515
112,1,relu,adam,0.001,0.4,1e-05,154,COMPLETED,0.8851007223129272,0.7293577790260315,0.5299999713897705,0.9002493619918823,0.28355109691619873
192,3,relu,adam,0.0003,0.4,0.0001,011,COMPLETED,0.8850879669189453,0.7124999761581421,0.5699999928474426,0.9012469053268433,0.30591410398483276
176,3,relu,adam,0.0003,0.4,0.0001,009,COMPLETED,0.8850830793380737,0.7174887657165527,0.5333333611488342,0.8987531065940857,0.30374547839164734
112,4,tanh,adam,0.0003,0.4,0.0,132,COMPLETED,0.8848680257797241,0.6892430186271667,0.5766666531562805,0.8977556228637695,0.279042512178421
160,1,tanh,adam,0.0003,0.4,0.0001,028,COMPLETED,0.8848123550415039,0.738095223903656,0.5166666507720947,0.9002493619918823,0.28239357471466064
160,3,relu,adam,0.0003,0.1,0.0001,134,COMPLETED,0.8847321271896362,0.7288888692855835,0.54666668176651,0.901745617389679,0.3128127455711365
48,2,relu,adam,0.0003,0.1,0.0001,173,COMPLETED,0.8847243785858154,0.7149321436882019,0.5266666412353516,0.8977556228637695,0.289283812046051
64,4,relu,adam,0.001,0.30000000000000004,0.0001,045,COMPLETED,0.8846119046211243,0.7245762944221497,0.5699999928474426,0.9032418727874756,0.28894415497779846
160,3,relu,adam,0.0003,0.1,1e-05,030,COMPLETED,0.8845669031143188,0.6932271122932434,0.5799999833106995,0.8987531065940857,0.2760083079338074
48,1,relu,adam,0.0003,0.4,0.0001,067,COMPLETED,0.8845659494400024,0.7232142686843872,0.5400000214576721,0.9002493619918823,0.2830227315425873
176,3,tanh,adam,0.0003,0.4,1e-05,040,COMPLETED,0.8845024108886719,0.7009345889091492,0.5,0.8932668566703796,0.2779492735862732
112,2,relu,adam,0.0003,0.2,0.0001,088,COMPLETED,0.8844554424285889,0.7244444489479065,0.5433333516120911,0.9007481336593628,0.29655638337135315
32,2,relu,adam,0.001,0.4,1e-06,189,COMPLETED,0.8843880891799927,0.7352941036224365,0.5,0.8982543349266052,0.2810678482055664
32,1,relu,adam,0.001,0.30000000000000004,0.0001,031,COMPLETED,0.8843626976013184,0.7350000143051147,0.49000000953674316,0.8972568511962891,0.2818397879600525
48,4,relu,adam,0.0003,0.1,1e-06,029,COMPLETED,0.8843499422073364,0.7028112411499023,0.5833333134651184,0.9007481336593628,0.2802823781967163
112,1,tanh,adam,0.001,0.30000000000000004,1e-05,066,COMPLETED,0.884284496307373,0.7428571581840515,0.5199999809265137,0.9012469053268433,0.2768086791038513
32,1,relu,adam,0.0003,0.2,0.0,042,COMPLETED,0.884250283241272,0.7180616855621338,0.5433333516120911,0.8997506499290466,0.279490202665329
112,2,tanh,adam,0.001,0.4,0.0,128,COMPLETED,0.8842424154281616,0.7004048824310303,0.5766666531562805,0.8997506499290466,0.27272897958755493
160,3,tanh,adam,0.001,0.4,0.0001,074,COMPLETED,0.8841857314109802,0.7106382846832275,0.5566666722297668,0.8997506499290466,0.2891872227191925
192,2,tanh,adam,0.0003,0.30000000000000004,1e-06,025,COMPLETED,0.8840137124061584,0.7155172228813171,0.5533333420753479,0.9002493619918823,0.2734743058681488
176,4,relu,adam,0.001,0.2,0.0001,190,COMPLETED,0.8840010166168213,0.7074235677719116,0.5400000214576721,0.8977556228637695,0.30872347950935364
128,2,relu,adam,0.001,0.4,0.0001,015,COMPLETED,0.8839882016181946,0.7181817889213562,0.5266666412353516,0.8982543349266052,0.29355430603027344
96,4,relu,adam,0.0003,0.2,1e-05,037,COMPLETED,0.8839374780654907,0.707317054271698,0.5799999833106995,0.9012469053268433,0.27794313430786133
32,2,relu,adam,0.001,0.4,0.0,001,COMPLETED,0.8838777542114258,0.7016806602478027,0.5566666722297668,0.8982543349266052,0.27951136231422424
192,2,tanh,adam,0.0003,0.1,0.0001,159,COMPLETED,0.8837721943855286,0.7285714149475098,0.5099999904632568,0.8982543349266052,0.3017250597476959
144,1,tanh,adam,0.0003,0.0,1e-06,194,COMPLETED,0.8837693333625793,0.7285068035125732,0.5366666913032532,0.9007481336593628,0.2746230363845825
128,4,tanh,adam,0.001,0.4,0.0001,138,COMPLETED,0.8836930394172668,0.7219731211662292,0.5366666913032532,0.8997506499290466,0.29962193965911865
80,3,relu,adam,0.001,0.30000000000000004,1e-05,178,COMPLETED,0.8836813569068909,0.7100840210914612,0.5633333325386047,0.9002493619918823,0.27540451288223267
64,2,relu,adam,0.001,0.2,0.0,065,COMPLETED,0.8836237192153931,0.717391312122345,0.550000011920929,0.9002493619918823,0.2786192297935486
32,1,tanh,adam,0.001,0.4,0.0,083,COMPLETED,0.883585512638092,0.7135922312736511,0.49000000953674316,0.8942643404006958,0.2693635821342468
32,3,relu,adam,0.001,0.2,0.0,054,COMPLETED,0.8835278749465942,0.71875,0.5366666913032532,0.8992518782615662,0.28832677006721497
112,4,relu,adam,0.0003,0.30000000000000004,0.0,107,COMPLETED,0.8834848403930664,0.6889764070510864,0.5833333134651184,0.8982543349266052,0.2724335193634033
96,1,relu,adam,0.0003,0.1,0.0001,020,COMPLETED,0.8833616971969604,0.734883725643158,0.5266666412353516,0.9007481336593628,0.2832637429237366
32,1,tanh,adam,0.001,0.2,0.0,072,COMPLETED,0.8833460807800293,0.720588207244873,0.49000000953674316,0.895261824131012,0.2713214159011841
144,3,tanh,adam,0.0003,0.2,0.0001,105,COMPLETED,0.8832971453666687,0.723809540271759,0.5066666603088379,0.8972568511962891,0.30692723393440247
48,4,relu,adam,0.001,0.4,1e-06,130,COMPLETED,0.8832287788391113,0.7051281929016113,0.550000011920929,0.8982543349266052,0.2940945625305176
64,1,tanh,adam,0.001,0.4,1e-06,033,COMPLETED,0.8831906318664551,0.7184466123580933,0.4933333396911621,0.895261824131012,0.273746132850647
48,2,tanh,adam,0.001,0.30000000000000004,1e-06,057,COMPLETED,0.8831866979598999,0.71100914478302,0.5166666507720947,0.8962593674659729,0.2680701017379761
80,4,relu,adam,0.0003,0.2,0.0,056,COMPLETED,0.8831544518470764,0.692307710647583,0.5699999928474426,0.8977556228637695,0.27932003140449524
80,3,relu,adam,0.001,0.30000000000000004,0.0,071,COMPLETED,0.8830547332763672,0.7094017267227173,0.5533333420753479,0.8992518782615662,0.27981024980545044
48,2,relu,adam,0.0003,0.0,1e-05,136,COMPLETED,0.8829637765884399,0.7155172228813171,0.5533333420753479,0.9002493619918823,0.2748790681362152
48,3,relu,adam,0.001,0.4,0.0001,087,COMPLETED,0.882940411567688,0.7229437232017517,0.5566666722297668,0.901745617389679,0.2903270721435547
80,2,relu,adam,0.0003,0.4,0.0001,008,COMPLETED,0.8827937841415405,0.713004469871521,0.5299999713897705,0.8977556228637695,0.29031288623809814
144,1,tanh,adam,0.0003,0.30000000000000004,0.0001,077,COMPLETED,0.8827419281005859,0.7285714149475098,0.5099999904632568,0.8982543349266052,0.28482571244239807
80,4,tanh,adam,0.0003,0.2,0.0001,161,COMPLETED,0.8826519846916199,0.7136752009391785,0.5566666722297668,0.9002493619918823,0.2928776443004608
80,2,tanh,adam,0.001,0.1,1e-05,076,COMPLETED,0.8825562000274658,0.7259615659713745,0.503333330154419,0.8972568511962891,0.2791721820831299
176,4,tanh,adam,0.001,0.4,0.0001,069,COMPLETED,0.8825445175170898,0.7411167621612549,0.4866666793823242,0.8977556228637695,0.30593618750572205
96,2,relu,adam,0.0003,0.30000000000000004,1e-05,003,COMPLETED,0.8825445175170898,0.7419354915618896,0.5366666913032532,0.9027431607246399,0.2874316871166229
192,1,relu,adam,0.001,0.2,0.0,114,COMPLETED,0.8825033903121948,0.738095223903656,0.5166666507720947,0.9002493619918823,0.2770506739616394
96,3,relu,adam,0.0003,0.4,0.0,160,COMPLETED,0.8824633359909058,0.7285068035125732,0.5366666913032532,0.9007481336593628,0.2729252874851227
96,4,relu,adam,0.001,0.2,0.0,126,COMPLETED,0.8824477195739746,0.6870229244232178,0.6000000238418579,0.8992518782615662,0.2728470265865326
112,2,relu,adam,0.0003,0.1,0.0001,100,COMPLETED,0.8824213147163391,0.7224880456924438,0.503333330154419,0.8967580795288086,0.2988179326057434
144,1,relu,adam,0.001,0.1,1e-05,000,COMPLETED,0.8823978304862976,0.7488584518432617,0.54666668176651,0.9047381281852722,0.27603834867477417
64,3,tanh,adam,0.0003,0.2,1e-06,176,COMPLETED,0.8823381662368774,0.7136563658714294,0.5400000214576721,0.8987531065940857,0.2722661793231964
176,2,tanh,adam,0.001,0.30000000000000004,1e-05,064,COMPLETED,0.8823167085647583,0.743842363357544,0.503333330154419,0.8997506499290466,0.2763829827308655
96,4,relu,adam,0.001,0.4,1e-06,113,COMPLETED,0.8822883367538452,0.7051281929016113,0.550000011920929,0.8982543349266052,0.27902859449386597
192,3,relu,adam,0.001,0.2,1e-06,049,COMPLETED,0.8822600245475769,0.7142857313156128,0.5,0.895261824131012,0.27698642015457153
192,1,tanh,adam,0.0003,0.2,0.0001,002,COMPLETED,0.8821603059768677,0.7251184582710266,0.5099999904632568,0.8977556228637695,0.28790825605392456
112,3,relu,adam,0.0003,0.4,1e-06,092,COMPLETED,0.8821114301681519,0.7232142686843872,0.5400000214576721,0.9002493619918823,0.27321627736091614
48,3,tanh,adam,0.0003,0.1,1e-05,144,COMPLETED,0.882081151008606,0.7046413421630859,0.5566666722297668,0.8987531065940857,0.2741551399230957
176,2,tanh,adam,0.0003,0.30000000000000004,1e-05,027,COMPLETED,0.8818944692611694,0.726457417011261,0.5400000214576721,0.9007481336593628,0.28129392862319946
96,3,tanh,adam,0.0003,0.1,1e-06,052,COMPLETED,0.8818739056587219,0.699999988079071,0.5366666913032532,0.8962593674659729,0.2739984095096588
160,3,tanh,adam,0.0003,0.4,0.0,014,COMPLETED,0.8818719387054443,0.7038626670837402,0.54666668176651,0.8977556228637695,0.27442148327827454
64,1,relu,adam,0.0003,0.1,1e-06,171,COMPLETED,0.8818093538284302,0.7142857313156128,0.5333333611488342,0.8982543349266052,0.281129390001297
112,4,relu,adam,0.001,0.4,0.0,162,COMPLETED,0.8818044662475586,0.7054263353347778,0.6066666841506958,0.9032418727874756,0.2804904282093048
32,4,tanh,adam,0.001,0.0,0.0001,182,COMPLETED,0.8817741870880127,0.7246376872062683,0.5,0.8967580795288086,0.2850877642631531
144,3,relu,adam,0.0003,0.0,1e-05,199,COMPLETED,0.8817654252052307,0.6809338331222534,0.5833333134651184,0.8967580795288086,0.2834555208683014
64,1,relu,adam,0.001,0.2,0.0001,120,COMPLETED,0.8817028403282166,0.7224880456924438,0.503333330154419,0.8967580795288086,0.28821897506713867
32,1,relu,adam,0.0003,0.0,0.0001,168,COMPLETED,0.8815708756446838,0.7284482717514038,0.5633333325386047,0.9032418727874756,0.2801697850227356
192,2,relu,adam,0.001,0.4,0.0,079,COMPLETED,0.8815542459487915,0.7397959232330322,0.4833333194255829,0.8972568511962891,0.2783510684967041
192,4,tanh,adam,0.0003,0.1,0.0001,140,COMPLETED,0.8815091848373413,0.7255814075469971,0.5199999809265137,0.8987531065940857,0.3296578824520111
96,1,relu,adam,0.0003,0.2,1e-06,039,COMPLETED,0.88140469789505,0.7297297120094299,0.5400000214576721,0.9012469053268433,0.2796827256679535
112,3,relu,adam,0.0003,0.1,1e-06,148,COMPLETED,0.8813920021057129,0.7155172228813171,0.5533333420753479,0.9002493619918823,0.28293856978416443
192,1,relu,adam,0.0003,0.0,1e-05,198,COMPLETED,0.8813880681991577,0.7117117047309875,0.5266666412353516,0.8972568511962891,0.2776734232902527
48,3,tanh,adam,0.001,0.2,0.0001,188,COMPLETED,0.8813411593437195,0.7111111283302307,0.5333333611488342,0.8977556228637695,0.2806662321090698
144,1,tanh,adam,0.001,0.2,1e-05,119,COMPLETED,0.8812609910964966,0.7175925970077515,0.5166666507720947,0.8972568511962891,0.27702564001083374
192,3,relu,adam,0.0003,0.1,1e-06,090,COMPLETED,0.8812286853790283,0.7058823704719543,0.6000000238418579,0.9027431607246399,0.27515819668769836
128,4,tanh,adam,0.001,0.30000000000000004,1e-06,035,COMPLETED,0.8812228441238403,0.7183098793029785,0.5099999904632568,0.8967580795288086,0.275465726852417
192,1,tanh,adam,0.0003,0.30000000000000004,0.0001,133,COMPLETED,0.8812198638916016,0.7336448431015015,0.5233333110809326,0.9002493619918823,0.28774547576904297
192,3,relu,adam,0.001,0.30000000000000004,1e-05,183,COMPLETED,0.8811808824539185,0.7061403393745422,0.5366666913032532,0.8972568511962891,0.2832859456539154
96,3,relu,adam,0.0003,0.1,0.0,098,COMPLETED,0.8811622262001038,0.7058823704719543,0.5600000023841858,0.8992518782615662,0.28494468331336975
96,1,relu,adam,0.0003,0.2,0.0,139,COMPLETED,0.8811153173446655,0.719298243522644,0.54666668176651,0.9002493619918823,0.2820182740688324
112,3,tanh,adam,0.0003,0.30000000000000004,1e-05,062,COMPLETED,0.8811026215553284,0.700421929359436,0.5533333420753479,0.8977556228637695,0.2778320610523224
128,1,relu,adam,0.001,0.1,0.0001,060,COMPLETED,0.8809902667999268,0.7217391133308411,0.5533333420753479,0.9012469053268433,0.2877509891986847
192,2,tanh,adam,0.0003,0.0,1e-06,177,COMPLETED,0.8809374570846558,0.7427184581756592,0.5099999904632568,0.9002493619918823,0.27628397941589355
48,3,relu,adam,0.0003,0.30000000000000004,1e-05,195,COMPLETED,0.8809217810630798,0.7224669456481934,0.54666668176651,0.9007481336593628,0.27679774165153503
112,1,tanh,adam,0.0003,0.0,0.0,017,COMPLETED,0.8808445930480957,0.7169811129570007,0.5066666603088379,0.8962593674659729,0.2746327221393585
48,2,relu,adam,0.001,0.1,0.0001,181,COMPLETED,0.880827009677887,0.7268518805503845,0.5233333110809326,0.8992518782615662,0.288763165473938
144,1,relu,adam,0.0003,0.4,0.0,078,COMPLETED,0.8807663917541504,0.7285068035125732,0.5366666913032532,0.9007481336593628,0.2777213752269745
96,1,relu,adam,0.001,0.0,1e-06,180,COMPLETED,0.8807516694068909,0.7232142686843872,0.5400000214576721,0.9002493619918823,0.2789542078971863
128,2,tanh,adam,0.001,0.2,0.0,146,COMPLETED,0.880724310874939,0.7260273694992065,0.5299999713897705,0.8997506499290466,0.27712953090667725
48,3,tanh,adam,0.001,0.30000000000000004,1e-05,093,COMPLETED,0.8807125687599182,0.7031963467597961,0.5133333206176758,0.8947631120681763,0.2720600962638855
80,1,relu,adam,0.0003,0.30000000000000004,0.0,047,COMPLETED,0.8806794285774231,0.7292576432228088,0.5566666722297668,0.9027431607246399,0.2829245924949646
32,1,tanh,adam,0.0003,0.1,0.0001,169,COMPLETED,0.8806226849555969,0.7136563658714294,0.5400000214576721,0.8987531065940857,0.2769278585910797
32,4,tanh,adam,0.001,0.1,1e-05,129,COMPLETED,0.8805708885192871,0.6978723406791687,0.54666668176651,0.8967580795288086,0.2751710116863251
112,1,tanh,adam,0.0003,0.30000000000000004,0.0,192,COMPLETED,0.8805288076400757,0.7211538553237915,0.5,0.8962593674659729,0.2725989520549774
112,1,relu,adam,0.001,0.1,1e-05,010,COMPLETED,0.8805043697357178,0.7376237511634827,0.49666666984558105,0.8982543349266052,0.2794853448867798
192,3,tanh,adam,0.0003,0.2,0.0,118,COMPLETED,0.8804662823677063,0.7188940048217773,0.5199999809265137,0.8977556228637695,0.27563270926475525
144,2,relu,adam,0.001,0.4,0.0,197,COMPLETED,0.8803626298904419,0.7227272987365723,0.5299999713897705,0.8992518782615662,0.2758713662624359
32,3,tanh,adam,0.001,0.30000000000000004,0.0,121,COMPLETED,0.8803597092628479,0.6970954537391663,0.5600000023841858,0.8977556228637695,0.2729487121105194
112,1,tanh,adam,0.001,0.2,1e-06,151,COMPLETED,0.8803039789199829,0.7428571581840515,0.5199999809265137,0.9012469053268433,0.2767922282218933
64,1,tanh,adam,0.001,0.2,0.0,038,COMPLETED,0.8802952170372009,0.7200000286102295,0.5400000214576721,0.8997506499290466,0.27726560831069946
96,4,tanh,adam,0.001,0.1,0.0,131,COMPLETED,0.8800811171531677,0.7386934757232666,0.49000000953674316,0.8977556228637695,0.2734604477882385
192,1,tanh,adam,0.001,0.2,0.0001,032,COMPLETED,0.8800733089447021,0.7358490824699402,0.5199999809265137,0.9002493619918823,0.2903696298599243
96,2,tanh,adam,0.001,0.1,0.0,158,COMPLETED,0.8800381422042847,0.7339449524879456,0.5333333611488342,0.9012469053268433,0.2756172716617584
64,1,tanh,adam,0.0003,0.0,0.0001,061,COMPLETED,0.8800224661827087,0.7401960492134094,0.503333330154419,0.8992518782615662,0.2813604474067688
48,4,relu,adam,0.0003,0.1,1e-05,036,COMPLETED,0.8799364566802979,0.7168141603469849,0.5400000214576721,0.8992518782615662,0.2768194079399109
128,2,relu,adam,0.0003,0.0,1e-05,110,COMPLETED,0.879894495010376,0.7385321259498596,0.5366666913032532,0.9022443890571594,0.2753247618675232
32,3,relu,adam,0.001,0.2,1e-05,026,COMPLETED,0.8798445463180542,0.7339449524879456,0.5333333611488342,0.9012469053268433,0.2807918190956116
112,3,relu,adam,0.0003,0.4,1e-05,117,COMPLETED,0.8798201084136963,0.695652186870575,0.5866666436195374,0.8997506499290466,0.2793181538581848
144,1,relu,adam,0.0003,0.0,0.0,184,COMPLETED,0.8797448873519897,0.7358490824699402,0.5199999809265137,0.9002493619918823,0.27638471126556396
96,4,relu,adam,0.0003,0.2,1e-06,102,COMPLETED,0.8796373605728149,0.699999988079071,0.5833333134651184,0.9002493619918823,0.27676889300346375
128,1,tanh,adam,0.001,0.1,1e-06,012,COMPLETED,0.8796324133872986,0.7416267991065979,0.5166666507720947,0.9007481336593628,0.27712491154670715
128,2,tanh,adam,0.001,0.2,1e-05,111,COMPLETED,0.8795982599258423,0.7268292903900146,0.49666666984558105,0.8967580795288086,0.27745869755744934
32,3,tanh,adam,0.001,0.1,1e-05,165,COMPLETED,0.8795933723449707,0.7162790894508362,0.5133333206176758,0.8967580795288086,0.2737284004688263
128,2,tanh,adam,0.0003,0.1,0.0,081,COMPLETED,0.8795933723449707,0.73893803358078,0.5566666722297668,0.9042394161224365,0.27923980355262756
48,2,tanh,adam,0.001,0.2,0.0,055,COMPLETED,0.8795552253723145,0.7020407915115356,0.5733333230018616,0.8997506499290466,0.2755449414253235
96,1,tanh,adam,0.0003,0.30000000000000004,1e-06,109,COMPLETED,0.8795425295829773,0.7168949842453003,0.5233333110809326,0.8977556228637695,0.2755369544029236
32,4,tanh,adam,0.0003,0.0,1e-06,108,COMPLETED,0.8795386552810669,0.699999988079071,0.49000000953674316,0.8922693133354187,0.27480602264404297
96,4,relu,adam,0.0003,0.1,0.0001,147,COMPLETED,0.8794858455657959,0.708695650100708,0.5433333516120911,0.8982543349266052,0.3110397756099701
144,3,relu,adam,0.0003,0.0,0.0001,022,COMPLETED,0.8794203996658325,0.6944444179534912,0.5833333134651184,0.8992518782615662,0.3134559094905853
192,4,relu,adam,0.0003,0.1,0.0,084,COMPLETED,0.8793538808822632,0.6935483813285828,0.5733333230018616,0.8982543349266052,0.27617108821868896
160,3,relu,adam,0.001,0.30000000000000004,0.0,046,COMPLETED,0.879338264465332,0.7339901328086853,0.49666666984558105,0.8977556228637695,0.2777397930622101
32,2,relu,adam,0.0003,0.0,0.0,051,COMPLETED,0.8793352842330933,0.7188940048217773,0.5199999809265137,0.8977556228637695,0.2823461592197418
112,3,relu,adam,0.001,0.0,0.0001,063,COMPLETED,0.8792307376861572,0.7118644118309021,0.5600000023841858,0.9002493619918823,0.3052176237106323
32,3,relu,adam,0.0003,0.30000000000000004,0.0,089,COMPLETED,0.8791632652282715,0.7186146974563599,0.5533333420753479,0.9007481336593628,0.2742590606212616
64,3,relu,adam,0.001,0.1,0.0,016,COMPLETED,0.8791602849960327,0.7021276354789734,0.550000011920929,0.8977556228637695,0.2755301296710968
96,2,relu,adam,0.001,0.0,1e-05,116,COMPLETED,0.8791564106941223,0.7095435857772827,0.5699999928474426,0.9007481336593628,0.2799597680568695
96,2,relu,adam,0.0003,0.2,0.0,097,COMPLETED,0.8791212439537048,0.7186146974563599,0.5533333420753479,0.9007481336593628,0.2812809944152832
64,4,tanh,adam,0.0003,0.4,1e-06,143,COMPLETED,0.8791104555130005,0.6666666865348816,0.6133333444595337,0.8962593674659729,0.2824392318725586
96,2,tanh,adam,0.0003,0.2,1e-06,163,COMPLETED,0.8790302872657776,0.7233009934425354,0.49666666984558105,0.8962593674659729,0.277153879404068
112,1,tanh,adam,0.001,0.1,1e-06,085,COMPLETED,0.8790234923362732,0.7425742745399475,0.5,0.8992518782615662,0.2781514525413513
32,1,tanh,adam,0.001,0.30000000000000004,1e-05,086,COMPLETED,0.8788641691207886,0.7327188849449158,0.5299999713897705,0.9007481336593628,0.27204617857933044
64,2,tanh,adam,0.0003,0.4,1e-06,043,COMPLETED,0.8787615299224854,0.6982758641242981,0.5400000214576721,0.8962593674659729,0.2733565866947174
192,2,relu,adam,0.001,0.2,1e-06,004,COMPLETED,0.8787351250648499,0.729613721370697,0.5666666626930237,0.903740644454956,0.2864523231983185
192,4,relu,adam,0.001,0.1,0.0001,193,COMPLETED,0.8785913586616516,0.7008547186851501,0.54666668176651,0.8972568511962891,0.31381916999816895
160,1,tanh,adam,0.0003,0.0,0.0,006,COMPLETED,0.8785532712936401,0.7276995182037354,0.5166666507720947,0.8987531065940857,0.2793721854686737
128,2,tanh,adam,0.0003,0.0,1e-05,122,COMPLETED,0.878549337387085,0.7363184094429016,0.4933333396911621,0.8977556228637695,0.28093963861465454
32,3,relu,adam,0.0003,0.1,1e-06,082,COMPLETED,0.8785288333892822,0.7280701994895935,0.5533333420753479,0.9022443890571594,0.28016093373298645
112,1,tanh,adam,0.0003,0.4,1e-05,135,COMPLETED,0.8784692287445068,0.7122641801834106,0.503333330154419,0.895261824131012,0.2777174413204193
176,2,tanh,adam,0.001,0.1,1e-05,053,COMPLETED,0.8784662485122681,0.7203791737556458,0.5066666603088379,0.8967580795288086,0.2822084128856659
192,3,relu,adam,0.001,0.2,1e-05,096,COMPLETED,0.878417432308197,0.7117903828620911,0.5433333516120911,0.8987531065940857,0.28022363781929016
160,2,tanh,adam,0.0003,0.1,1e-05,156,COMPLETED,0.8784086108207703,0.7227272987365723,0.5299999713897705,0.8992518782615662,0.28184276819229126
96,2,tanh,adam,0.0003,0.1,1e-05,187,COMPLETED,0.878333330154419,0.720588207244873,0.49000000953674316,0.895261824131012,0.2764407992362976
32,1,tanh,adam,0.0003,0.2,1e-05,048,COMPLETED,0.878330409526825,0.7109004855155945,0.5,0.8947631120681763,0.2738713324069977
96,1,tanh,adam,0.0003,0.30000000000000004,0.0001,152,COMPLETED,0.8782258033752441,0.7163461446762085,0.49666666984558105,0.895261824131012,0.2835642397403717
64,1,tanh,adam,0.0003,0.30000000000000004,1e-05,103,COMPLETED,0.8781124353408813,0.7203791737556458,0.5066666603088379,0.8967580795288086,0.27638909220695496
96,1,tanh,adam,0.001,0.0,1e-05,019,COMPLETED,0.878000020980835,0.7355769276618958,0.5099999904632568,0.8992518782615662,0.2800557017326355
64,3,tanh,adam,0.0003,0.2,0.0001,153,COMPLETED,0.8779022693634033,0.7016806602478027,0.5566666722297668,0.8982543349266052,0.2918303310871124
176,3,tanh,adam,0.0003,0.1,0.0001,172,COMPLETED,0.8778328895568848,0.7170731425285339,0.49000000953674316,0.8947631120681763,0.3170829117298126
96,3,relu,adam,0.001,0.2,1e-05,157,COMPLETED,0.877821147441864,0.7056276798248291,0.5433333516120911,0.8977556228637695,0.2800208032131195
32,2,relu,adam,0.001,0.1,1e-05,023,COMPLETED,0.8778083920478821,0.7227272987365723,0.5299999713897705,0.8992518782615662,0.28148382902145386
96,3,relu,adam,0.001,0.0,0.0001,024,COMPLETED,0.8777585625648499,0.7113820910453796,0.5833333134651184,0.9022443890571594,0.2970576286315918
176,2,relu,adam,0.001,0.2,1e-06,174,COMPLETED,0.8775678873062134,0.7104072570800781,0.5233333110809326,0.8967580795288086,0.2798837423324585
112,1,tanh,adam,0.001,0.4,1e-05,021,COMPLETED,0.8775044083595276,0.7317073345184326,0.5,0.8977556228637695,0.2786707878112793
144,4,relu,adam,0.0003,0.2,1e-06,145,COMPLETED,0.8774623870849609,0.7112970948219299,0.5666666626930237,0.9007481336593628,0.2807838022708893
128,3,relu,adam,0.001,0.0,1e-06,150,COMPLETED,0.8773646354675293,0.6935483813285828,0.5733333230018616,0.8982543349266052,0.2743534743785858
32,3,relu,adam,0.0003,0.1,0.0,149,COMPLETED,0.8773431181907654,0.699999988079071,0.5366666913032532,0.8962593674659729,0.27780473232269287
128,2,tanh,adam,0.0003,0.0,0.0001,050,COMPLETED,0.8772639632225037,0.7105262875556946,0.5400000214576721,0.8982543349266052,0.30348482728004456
80,1,tanh,adam,0.0003,0.0,0.0,141,COMPLETED,0.8771564364433289,0.7184466123580933,0.4933333396911621,0.895261824131012,0.27557069063186646
176,3,tanh,adam,0.001,0.1,1e-05,059,COMPLETED,0.8771524429321289,0.7473118305206299,0.4633333384990692,0.8962593674659729,0.27977171540260315
176,2,relu,adam,0.001,0.0,0.0,142,COMPLETED,0.8771035671234131,0.7276595830917358,0.5699999928474426,0.903740644454956,0.278098464012146
32,1,tanh,adam,0.0003,0.4,0.0001,191,COMPLETED,0.8769599199295044,0.699999988079071,0.5133333206176758,0.8942643404006958,0.2765442728996277
176,4,tanh,adam,0.0003,0.0,1e-05,044,COMPLETED,0.8768093585968018,0.7463414669036865,0.5099999904632568,0.9007481336593628,0.28060227632522583
176,1,tanh,adam,0.0003,0.1,1e-06,155,COMPLETED,0.8767995834350586,0.7298578023910522,0.5133333206176758,0.8987531065940857,0.28144708275794983
160,2,tanh,adam,0.001,0.0,0.0001,099,COMPLETED,0.8767839670181274,0.7293577790260315,0.5299999713897705,0.9002493619918823,0.3026669919490814
64,3,tanh,adam,0.001,0.0,0.0,112,COMPLETED,0.8767712712287903,0.7244898080825806,0.47333332896232605,0.8942643404006958,0.27474361658096313
112,2,tanh,adam,0.0003,0.0,0.0,013,COMPLETED,0.8766080141067505,0.7081339955329895,0.4933333396911621,0.8937655687332153,0.2784736752510071
80,1,tanh,adam,0.0003,0.2,1e-06,034,COMPLETED,0.8765669465065002,0.7101449370384216,0.49000000953674316,0.8937655687332153,0.27649906277656555
192,2,tanh,adam,0.0003,0.30000000000000004,0.0001,091,COMPLETED,0.8765610456466675,0.7236180901527405,0.47999998927116394,0.8947631120681763,0.3086363971233368
160,4,relu,adam,0.001,0.0,1e-06,005,COMPLETED,0.876245379447937,0.6745098233222961,0.5733333230018616,0.8947631120681763,0.28759849071502686
48,4,tanh,adam,0.0003,0.30000000000000004,0.0001,166,COMPLETED,0.8761915564537048,0.6995884776115417,0.5666666626930237,0.8987531065940857,0.2907397150993347
48,3,tanh,adam,0.0003,0.1,0.0001,095,COMPLETED,0.8760958313941956,0.7038834691047668,0.4833333194255829,0.8922693133354187,0.2873495817184448
176,3,tanh,adam,0.0003,0.4,0.0001,115,COMPLETED,0.8756716251373291,0.7155963182449341,0.5199999809265137,0.8972568511962891,0.313335120677948
160,2,relu,adam,0.001,0.0,1e-06,167,COMPLETED,0.8756353259086609,0.7190082669258118,0.5799999833106995,0.9032418727874756,0.28081411123275757
128,2,tanh,adam,0.001,0.0,0.0,164,COMPLETED,0.875386118888855,0.7376237511634827,0.49666666984558105,0.8982543349266052,0.27712327241897583
128,4,tanh,adam,0.0003,0.0,0.0001,124,COMPLETED,0.8753050565719604,0.7560975551605225,0.5166666507720947,0.9027431607246399,0.323002427816391
32,2,tanh,adam,0.001,0.1,0.0,007,COMPLETED,0.8752981424331665,0.7342995405197144,0.5066666603088379,0.8987531065940857,0.27751055359840393
128,4,relu,adam,0.001,0.0,0.0,101,COMPLETED,0.8752942085266113,0.717391312122345,0.550000011920929,0.9002493619918823,0.275551438331604
112,2,relu,adam,0.001,0.0,1e-06,196,COMPLETED,0.8752687573432922,0.7049180269241333,0.5733333230018616,0.9002493619918823,0.28306344151496887
48,3,relu,adam,0.0003,0.30000000000000004,0.0001,170,COMPLETED,0.8749364614486694,0.700421929359436,0.5533333420753479,0.8977556228637695,0.2935425639152527
32,1,tanh,adam,0.001,0.1,1e-06,094,COMPLETED,0.8747341632843018,0.7067307829856873,0.49000000953674316,0.8932668566703796,0.2796713411808014
112,4,relu,adam,0.001,0.1,1e-06,175,COMPLETED,0.8745434880256653,0.6962025165557861,0.550000011920929,0.8967580795288086,0.27942055463790894
176,4,tanh,adam,0.0003,0.0,1e-06,186,COMPLETED,0.8737174868583679,0.7611111402511597,0.4566666781902313,0.8972568511962891,0.2778419852256775
96,4,tanh,adam,0.001,0.0,1e-06,106,COMPLETED,0.8734066486358643,0.7038834691047668,0.4833333194255829,0.8922693133354187,0.28593066334724426
48,1,tanh,adam,0.0003,0.4,1e-05,075,COMPLETED,0.8733088970184326,0.6991150379180908,0.5266666412353516,0.895261824131012,0.2788084149360657
160,3,tanh,adam,0.001,0.0,1e-05,125,COMPLETED,0.873105525970459,0.7326732873916626,0.4933333396911621,0.8972568511962891,0.28434863686561584
48,2,tanh,adam,0.0003,0.0,1e-06,137,COMPLETED,0.8706041574478149,0.7222222089767456,0.5199999809265137,0.8982543349266052,0.28152287006378174
176,4,tanh,adam,0.001,0.0,0.0001,123,COMPLETED,0.8685004711151123,0.745945930480957,0.46000000834465027,0.8957605957984924,0.3316850960254669
